,current_cycle,distance,lvalue
26,1.0,-126.6,11.5
27,1.0,-113.76,11.5
28,1.0,-99.84,11.451818181818181
29,1.0,-86.03999999999998,11.463
30,1.0,-71.28,11.5
31,1.0,-57.47999999999999,11.5
32,1.0,-43.67999999999999,10.49
33,1.0,-29.879999999999995,8.762
